<?xml version="1.0"?>
<!--<!DOCTYPE metadata SYSTEM "http://www.esri.com/metadata/esriprof80.dtd">-->
<metadata xml:lang="en"><Esri><CreaDate>20080314</CreaDate><CreaTime>14403500</CreaTime><SyncOnce>TRUE</SyncOnce><MetaID>{EF28F987-4803-4FDE-8097-8FBA8E2C5E64}</MetaID></Esri><idinfo><citation><citeinfo><onlink Sync="TRUE">\\GIS20\D$\dsl250new-2007\data-copy\contour</onlink></citeinfo></citation></idinfo><distInfo><distributor><distorTran><onLineSrc><linkage Sync="TRUE">file://\\GIS20\D$\dsl250new-2007\data-copy\contour</linkage><protocol Sync="TRUE">Local Area Network</protocol></onLineSrc></distorTran></distributor></distInfo><dataqual><lineage><procstep><procdesc Sync="TRUE">Dataset copied.</procdesc><srcused Sync="TRUE">d:\dsl250new-2007\contour</srcused><date Sync="TRUE">20080314</date><time Sync="TRUE">14403500</time></procstep></lineage></dataqual></metadata>
